amcc721,Amanda,McCall,40
amor577,Anthony,Merlyn, 7
ckoc244,Chelsea,Koch,32
dsai134,David,Sail,50
frub752,Frederick,Rubenstein,55
gwis281,Gwain,Wisel,36
jcas617,Jonathan,Cassell,52
jepp893,Jessica,Eppstein,45
jfis464,James,Fischer,44
jhan390,Jasper,Handel,30
jkim677,John,Kim,35
jmei988,Josephine,Meiser,45
jmog222,Janet,Mogg,37
jwat499,Jenny,Watts,36
kba845,Kathleen,Barrett,30
klin039,Karl,Linegold,27
krub377,Kelly,Ruberford,34
kyui408,Kenny,Yui,49
loha901,Lisa,Oha,50
mdom289,Matthew,Dominicus,39
mhop045,Mark,Hopton,60
mvan115,Marcus,VanEpstein,55
nhag600,Nathan,Hag,43
nkan554,Nathanial,Kan,40
nman455,Nancy,Manners,48
rcha522,Robert,Charles,42
rhin612,Rochester,Hindermarch,39
rkul813,Randsford,Kul,27
saun506,Susannah,Aunn,54
stin504,Stalin,Lind,44
toni894,Tony,Oni,30
vglo933,Vincent,Glow,40
who088,Winston,Hobson,47
zcar309,Zara,Carnarvon,35